index,title,stock,vin,msrp,discounts,rebates,retail_price,exterior,interior,status,mpg
0,"2025 Ford F-150 XL Truck Regular Cab V-6 cyl","SKD86745","1FTMF1KP5SKD86745","39,445","-1,572","-1,250","36,623","Oxford White","Black W/Medium Dark Slate","IN STOCK","19/25"
1,"2025 Ford F-150 XL Truck Regular Cab V-6 cyl","SKD95049","1FTMF1KP8SKD95049","39,445","-1,572","-1,250","36,623","Oxford White","Black W/Medium Dark Slate","IN STOCK","19/25"
2,"2025 Ford F-150 XL Truck Regular Cab V6 EcoBoost Engine with Auto Start-Stop Technology","SKE15399","1FTMF1KP5SKE15399","39,445","-1,559","-1,250","36,636","Oxford White","Dark Slate","IN STOCK","19/25"
3,"2025 Ford F-150 XL Truck Regular Cab V6 EcoBoost Engine with Auto Start-Stop Technology","SKE10891","1FTMF1KP6SKE10891","39,445","-1,559","-1,250","36,636","Oxford White","Dark Slate","N/A","19/25"
4,"2025 Ford F-150 XL Truck Regular Cab","SKE64040","1FTMF1KP7SKE64040","39,645","-1,559","-1,250","36,836","Oxford White","Black","IN STOCK","19/25"
5,"2025 Ford F-150 XL Truck Regular Cab V-6 cyl","SKD70128","1FTMF1KP0SKD70128","40,540","-1,650","-1,250","37,640","Oxford White","Black W/Medium Dark Slate","IN STOCK","19/25"
6,"2025 Ford F-150 XL Truck Regular Cab V-6 cyl","SKD94788","1FTMF1KP8SKD94788","40,640","-1,679","-1,250","37,711","Oxford White","Black W/Medium Dark Slate","IN STOCK","19/25"
7,"2025 Ford F-150 XL Truck Regular Cab V6 EcoBoost Engine with Auto Start-Stop Technology","SKE63817","1FTMF1KP6SKE63817","40,840","-1,666","-1,250","37,924","Oxford White","Dark Slate","IN STOCK","19/25"
8,"2025 Ford F-150 XL Truck Regular Cab V6 EcoBoost Engine with Auto Start-Stop Technology","SKE63738","1FTMF1KPXSKE63738","40,840","-1,666","-1,250","37,924","Oxford White","Drk Slate Vnyl","IN STOCK","19/25"
9,"2025 Ford F-150 XL Truck SuperCab V-6 cyl","SKE40310","1FTEX1KP9SKE40310","43,755","-1,879","-1,250","40,626","Oxford White","Black W/Medium Dark Slate","IN STOCK","20/26"
10,"2025 Ford F-150 XL Truck SuperCab V-6 cyl","SKE25351","1FTEX1KP3SKE25351","45,285","-3,279","-1,250","40,756","Green","Black W/Medium Dark Slate","IN STOCK","20/26"
11,"2025 Ford F-150 XL Truck SuperCab V-6 cyl","SKE25353","1FTEX1KP7SKE25353","45,285","-3,279","-1,250","40,756","Green","Black W/Medium Dark Slate","IN STOCK","20/26"
12,"2025 Ford F-150 XL Truck SuperCab V-6 cyl","SKE25349","1FTEX1KP5SKE25349","45,285","-3,279","-1,250","40,756","Green","Black W/Medium Dark Slate","IN STOCK","20/26"
13,"2025 Ford F-150 XL Truck SuperCab V-6 cyl","SKE25352","1FTEX1KP5SKE25352","45,285","-3,279","-1,250","40,756","Green","Black W/Medium Dark Slate","IN STOCK","20/26"
14,"2025 Ford F-150 XL Truck SuperCab V-6 cyl","SKE64344","1FTEX1KP3SKE64344","43,955","-1,753","-1,250","40,952","Oxford White","Dark Slate","IN STOCK","20/26"
15,"2025 Ford F-150 XL Truck SuperCab V-6 cyl","SKE64662","1FTEX1KP6SKE64662","43,955","-1,753","-1,250","40,952","Oxford White","Drk Slate Vnyl","IN STOCK","20/26"
16,"2025 Ford F-150 XL TRUCK V6 EcoBoost Engine with Auto Start-Stop Technology","N/A","1FTEX1KPXSKE92173","43,955","N/A","N/A","N/A","Oxford White","Medium Dark Slate","N/A","19/25"
17,"2025 Ford F-150 XL TRUCK V6 EcoBoost Engine with Auto Start-Stop Technology","N/A","1FTEX1KP4SKE74056","43,955","N/A","N/A","N/A","Oxford White","Medium Dark Slate","N/A","19/25"
18,"2025 Ford F-150 XL Truck Regular Cab V6 EcoBoost Engine with Auto Start-Stop Technology","SKE75714","1FTMF1LP3SKE75714","44,660","-1,785","-1,250","41,625","Oxford White","Dark Slate","IN STOCK","18/23"
19,"2025 Ford F-150 STX Truck SuperCrew Cab V-6 cyl","SKE25888","1FTEW2KP1SKE25888","46,345","-1,735","-1,250","43,360","Carbonized Gray","Black","IN STOCK","20/26"
20,"2025 Ford F-150 STX Truck SuperCrew Cab V-6 cyl","SKE25910","1FTEW2KP1SKE25910","46,345","-1,735","N/A","44,610","White","Black","IN STOCK","20/26"
21,"2025 Ford F-150 STX Truck SuperCrew Cab V-6 cyl","SKE25863","1FTEW2KP7SKE25863","46,345","-1,735","-1,250","43,360","Carbonized Gray","Black","IN STOCK","20/26"
22,"2025 Ford F-150 STX Truck SuperCrew Cab V-6 cyl","SKE25628","1FTEW2KP8SKE25628","46,345","-1,735","-1,250","43,360","White","Black","IN STOCK","20/26"
23,"2025 Ford F-150 XL TRUCK V6 EcoBoost Engine with Auto Start-Stop Technology","N/A","1FTEW1KP9SKF20791","46,540","N/A","N/A","N/A","Oxford White","Medium Dark Slate","N/A","19/25"
24,"2025 Ford F-150 STX TRUCK V6 EcoBoost Engine with Auto Start-Stop Technology","N/A","1FTEW2KP4SKE88368","46,545","N/A","N/A","N/A","Oxford White","Black","N/A","19/25"
25,"2025 Ford F-150 STX TRUCK V6 EcoBoost Engine with Auto Start-Stop Technology","N/A","1FTEW2KPXSKE88357","46,545","N/A","N/A","N/A","Agate Black Metallic","Black","N/A","19/25"
26,"2025 Ford F-150 STX TRUCK V6 EcoBoost Engine with Auto Start-Stop Technology","N/A","1FTEW2KP2SKE88384","46,545","N/A","N/A","N/A","Agate Black Metallic","Black","N/A","19/25"
27,"2025 Ford F-150 STX TRUCK V6 EcoBoost Engine with Auto Start-Stop Technology","N/A","1FTEW2KP5SKE88377","46,545","N/A","N/A","N/A","Iconic Silver Metallic","Black","N/A","19/25"
28,"2025 Ford F-150 STX TRUCK V6 EcoBoost Engine with Auto Start-Stop Technology","N/A","1FTEW2KP3SKE88376","46,545","N/A","N/A","N/A","Carbonized Gray Metallic","Black","N/A","19/25"
29,"2025 Ford F-150 XL TRUCK V6 EcoBoost Engine with Auto Start-Stop Technology","N/A","1FTEW1KP3SKE93670","46,815","N/A","N/A","N/A","Oxford White","Medium Dark Slate","N/A","19/25"
30,"2025 Ford F-150 XL TRUCK V6 EcoBoost Engine with Auto Start-Stop Technology","N/A","1FTEW1KP3SKE85472","46,815","N/A","N/A","N/A","Oxford White","Medium Dark Slate","N/A","19/25"
31,"2025 Ford F-150 STX Truck SuperCrew Cab V-6 cyl","SKE60860","1FTEW2KP0SKE60860","46,940","-1,770","-1,250","43,920","White","Black","IN STOCK","20/26"
32,"2025 Ford F-150 STX Truck SuperCrew Cab V-6 cyl","SKE60841","1FTEW2KP7SKE60841","46,940","-1,770","-1,250","43,920","White","Black","IN STOCK","20/26"
33,"2025 Ford F-150 STX Truck SuperCrew Cab V-6 cyl","SKE60846","1FTEW2KP6SKE60846","46,940","-1,770","-1,250","43,920","White","Black","IN STOCK","20/26"
34,"2025 Ford F-150 XL Truck SuperCab V-6 cyl","SKD48370","1FTEX1LP7SKD48370","47,455","-1,933","-1,250","44,272","Oxford White","Black W/Medium Dark Slate","N/A","18/24"
35,"2025 Ford F-150 STX Truck SuperCrew Cab V-6 cyl","SKE31257","1FTEW2LP9SKE31257","50,225","-1,909","-1,250","47,066","Oxford White","Black Stx","IN STOCK","18/24"
36,"2025 Ford F-150 STX Truck SuperCrew Cab V-6 cyl","SKE59242","1FTEW2LP4SKE59242","50,425","-1,909","-1,250","47,266","Oxford White","Black Stx","IN STOCK","18/24"
37,"2025 Ford F-150 XL Truck SuperCrew Cab V-6 cyl","SKD59687","1FTEW1LPXSKD59687","50,820","-2,122","-1,250","47,448","Oxford White","Black W/Medium Dark Slate","IN STOCK","18/23"
38,"2025 Ford F-150 STX TRUCK V6 EcoBoost Engine with Auto Start-Stop Technology","N/A","1FTEW2LP2SKE84091","50,820","N/A","N/A","N/A","Space White Metallic","Black","N/A","18/23"
39,"2025 Ford F-150 STX TRUCK V6 EcoBoost Engine with Auto Start-Stop Technology","N/A","1FTEW2LP3SKF00945","50,820","N/A","N/A","N/A","Space White Metallic","Black","N/A","18/23"
40,"2025 Ford F-150 STX TRUCK V6 EcoBoost Engine with Auto Start-Stop Technology","N/A","1FTEW2LP9SKE86100","53,190","N/A","N/A","N/A","Oxford White","Black","N/A","18/23"
41,"2025 Ford F-150 STX TRUCK V6 EcoBoost Engine with Auto Start-Stop Technology","N/A","1FTEW2LP4SKE86389","53,190","N/A","N/A","N/A","Oxford White","Black","N/A","18/23"
42,"2025 Ford F-150 STX TRUCK V6 EcoBoost Engine with Auto Start-Stop Technology","N/A","1FTEW2LP5SKE85655","53,190","N/A","N/A","N/A","Oxford White","Black","N/A","18/23"
43,"2025 Ford F-150 STX Truck SuperCrew Cab V-6 cyl","SKE31324","1FTEW2LP9SKE31324","54,350","-2,280","-1,250","50,820","Oxford White","Black Stx","IN STOCK","18/24"
44,"2025 Ford F-150 STX Truck SuperCrew Cab V-8 cyl","SKE60731","1FTFW2L59SKE60731","1","N/A","N/A","52,953","Carbonized Gray Metallic","Black","IN STOCK","18/24"
45,"2025 Ford F-150 XLT Truck SuperCrew Cab V-8 cyl","SKE09725","1FTEW3K58SKE09725","60,195","-3,923","-1,500","54,772","Rapid Red Metallic Tinted Clearcoat","Black/Medium Dark Slate","IN STOCK","16/24"
46,"2025 Ford F-150 XLT Truck SuperCrew Cab V-6 cyl","SFA78087","1FTFW3LD7SFA78087","61,565","-3,965","-1,500","56,100","Atlas Blue","Black W/Smoked Truffle","IN STOCK","17/22"
47,"2025 Ford F-150 XLT Truck SuperCrew Cab V-6 cyl","SFA84729","1FTFW3LD7SFA84729","62,335","-4,033","-1,500","56,802","Red Metallic","Black W/Smoked Truffle","IN STOCK","17/22"
48,"2025 Ford F-150 XLT Truck SuperCrew Cab V-6 cyl","SFB42282","1FTFW3LD8SFB42282","63,920","-4,164","-1,500","58,256","Gray","Black Sport","IN STOCK","17/22"
49,"2025 Ford F-150 XLT Truck SuperCrew Cab V-6 cyl","SFB16725","1FTFW3LD7SFB16725","64,030","-4,174","-1,500","58,356","Carbonized Gray Metallic","Black","IN STOCK","17/22"
50,"2025 Ford F-150 XLT Truck SuperCrew Cab V-6 cyl","SFB16738","1FTFW3LD5SFB16738","64,030","-4,174","-1,500","58,356","Gray","Black Sport","IN STOCK","17/22"
51,"2025 Ford F-150 XLT Truck SuperCrew Cab V-6 cyl","SFB16722","1FTFW3LD1SFB16722","64,030","-4,174","-1,500","58,356","White","Black Sport","IN STOCK","17/22"
52,"2025 Ford F-150 XLT Truck SuperCrew Cab V-6 cyl","SFB16665","1FTFW3LD4SFB16665","64,030","-4,174","-1,500","58,356","Gray","Blk Sport","IN STOCK","17/22"
53,"2025 Ford F-150 XLT Truck SuperCrew Cab V-6 cyl","SFB16740","1FTFW3LD3SFB16740","64,030","-4,174","-1,500","58,356","White","Blk Sport","N/A","17/22"
54,"2025 Ford F-150 XLT Truck SuperCrew Cab V-8 cyl","SKE92340","1FTFW3L53SKE92340","64,385","-4,171","-1,500","58,714","White","Black Sport","IN STOCK","17/22"
55,"2025 Ford F-150 XLT Truck SuperCrew Cab V-6 cyl","SFB45424","1FTFW3LD6SFB45424","65,630","-4,302","-1,500","59,828","Gray","Blk Sport","IN STOCK","17/22"
56,"2025 Ford F-150 XLT Truck SuperCrew Cab V-6 cyl","SFB45412","1FTFW3LDXSFB45412","65,630","-4,302","-1,500","59,828","Gray","Black Sport","IN STOCK","17/22"
57,"2025 Ford F-150 XLT Truck SuperCrew Cab V-6 cyl","SFB45443","1FTFW3LDXSFB45443","65,630","-4,302","-1,500","59,828","Gray","Black Sport","IN STOCK","17/22"
58,"2025 Ford F-150 XLT TRUCK PowerBoost Full Hybrid V6 Engine","N/A","1FTFW3LD8SFB58577","65,515","N/A","N/A","N/A","Rapid Red Metallic Tinted Clearcoat","Black","N/A","22/24"
59,"2025 Ford F-150 XLT TRUCK PowerBoost Full Hybrid V6 Engine","N/A","1FTFW3LD8SFB67389","65,630","N/A","N/A","N/A","Carbonized Gray Metallic","Black","N/A","22/24"
60,"2025 Ford F-150 XLT TRUCK PowerBoost Full Hybrid V6 Engine","N/A","1FTFW3LD2SFB67386","65,630","N/A","N/A","N/A","Oxford White","Black","N/A","22/24"
61,"2025 Ford F-150 XLT TRUCK PowerBoost Full Hybrid V6 Engine","N/A","1FTFW3LD4SFB67373","65,630","N/A","N/A","N/A","Iconic Silver Metallic","Black","N/A","22/24"
62,"2025 Ford F-150 XLT TRUCK PowerBoost Full Hybrid V6 Engine","N/A","1FTFW3LD5SFB67382","65,630","N/A","N/A","N/A","Agate Black Metallic","Black","N/A","22/24"
63,"2025 Ford F-150 XLT TRUCK PowerBoost Full Hybrid V6 Engine","N/A","1FTFW3LD6SFB67360","65,630","N/A","N/A","N/A","Agate Black Metallic","Black","N/A","22/24"
64,"2025 Ford F-150 XLT Truck SuperCrew Cab V-6 cyl","SFB45453","1FTFW3LD2SFB45453","66,025","-4,337","-1,500","60,188","White","Blk Sport","IN STOCK","17/22"
65,"2025 Ford F-150 XLT Truck SuperCrew Cab V-6 cyl","SFB45431","1FTFW3LD3SFB45431","66,025","-4,337","-1,500","60,188","White","Black Sport","IN STOCK","17/22"
66,"2025 Ford F-150 XLT Truck SuperCrew Cab V-6 cyl","SFB45437","1FTFW3LD4SFB45437","66,025","-4,337","-1,500","60,188","White","Black Sport","IN STOCK","17/22"
67,"2025 Ford F-150 XLT Truck SuperCrew Cab V-6 cyl","SFB70086","1FTFW3LD5SFB70086","66,125","-4,294","N/A","61,831","Oxford White","Md Dark Slate","IN STOCK","17/22"
68,"2025 Ford F-150 XLT Truck SuperCrew Cab V-6 cyl","SKE65937","1FTFW3L8XSKE65937","67,350","-4,440","-1,500","61,410","Atlas Blue","Black Sport","IN STOCK","17/22"
69,"2025 Ford F-150 Tremor Truck SuperCrew Cab V-8 cyl","SFB22250","1FTFW4L57SFB22250","69,290","-3,307","N/A","65,983","Carbonized Gray","Black Sport","IN STOCK","17/22"
70,"2025 Ford F-150 Tremor TRUCK V8 with Auto Start-Stop Technology","N/A","1FTFW4L52SFB63806","70,560","N/A","N/A","N/A","Space White Metallic","Black","N/A","15/20"
71,"2025 Ford F-150 Tremor TRUCK V8 with Auto Start-Stop Technology","N/A","1FTFW4L55SFB70720","70,560","N/A","N/A","N/A","Space White Metallic","Black","N/A","15/20"
72,"2025 Ford F-150 Tremor TRUCK V8 with Auto Start-Stop Technology","N/A","1FTFW4L55SFB76761","70,560","N/A","N/A","N/A","Space White Metallic","Black","N/A","15/20"
73,"2025 Ford F-150 Tremor Truck SuperCrew Cab V-8 cyl","SFB65435","1FTFW4L53SFB65435","70,165","-3,368","N/A","66,797","Agate Black","Black Sport","IN STOCK","17/22"
74,"2025 Ford F-150 Tremor Truck SuperCrew Cab V-8 cyl","SFB64894","1FTFW4L58SFB64894","70,560","-3,403","N/A","67,157","Antimatter Blue","Black Sport","IN STOCK","17/22"
75,"2025 Ford F-150 Lariat Truck SuperCrew Cab V-6 cyl","SKD35281","1FTFW5L8XSKD35281","72,300","-3,611","N/A","68,689","Gray Metallic","Black","IN STOCK","16/24"
76,"2025 Ford F-150 Lariat TRUCK PowerBoost Full Hybrid V6 Engine","N/A","1FTFW5LD4SFB86162","75,340","N/A","N/A","N/A","Antimatter Blue Metallic","Medium Dark Slate","N/A","22/24"
77,"2025 Ford F-150 Lariat TRUCK PowerBoost Full Hybrid V6 Engine","N/A","1FTFW5LD4SFB87781","75,945","N/A","N/A","N/A","Marsh Gray","Black","N/A","22/24"
78,"2025 Ford F-150 Lariat Truck SuperCrew Cab PowerBoost Full Hybrid V6 Engine","SFB32527","1FTFW5LD1SFB32527","75,690","-3,921","N/A","71,769","Blue","Slate Active X","IN STOCK","22/24"
79,"2025 Ford F-150 Lariat Truck SuperCrew Cab PowerBoost Full Hybrid V6 Engine","SFB42094","1FTFW5LD2SFB42094","77,815","-4,095","N/A","73,720","White","Slate Active","IN STOCK","22/24"
80,"2025 Ford F-150 Lariat Truck SuperCrew Cab PowerBoost Full Hybrid V6 Engine","SFB44239","1FTFW5LD1SFB44239","79,570","-4,268","N/A","75,302","Gray","Black Int","IN STOCK","22/24"
81,"2025 Ford F-150 Platinum TRUCK PowerBoost Full Hybrid V6 Engine","N/A","1FTFW7LD5SFB88014","85,585","N/A","N/A","N/A","Carbonized Gray Metallic","Black","N/A","22/24"
82,"2025 Ford F-150 Platinum TRUCK PowerBoost Full Hybrid V6 Engine","N/A","1FTFW7LD6SFB87793","86,205","N/A","N/A","N/A","Space White Metallic","Black","N/A","22/24"
83,"2025 Ford F-150 Platinum TRUCK PowerBoost Full Hybrid V6 Engine","N/A","1FTFW7LD3SFB88402","86,805","N/A","N/A","N/A","Star White Metallic Tri-Coat","Black","N/A","22/24"
84,"2023 Ford F-250 XL Truck Regular Cab V-8 cyl","230842","1FTBF2AA8PED32520","46,175","-7,188","N/A","38,987","Oxford White","Medium Earth Gray","IN STOCK","N/A"
85,"2023 Ford F-250 XL Truck Regular Cab V-8 cyl","230457","1FTBF2AA9PEC61439","49,975","-7,444","N/A","42,531","Oxford White","Medium Earth Gray","IN STOCK","N/A"
86,"2024 Ford F-250 XL Truck Regular Cab V-8 cyl","241345","1FTBF2AA2REF89630","47,710","-2,281","-6,500","38,929","Oxford White","Medium Dark Slate","IN STOCK","N/A"
87,"2024 Ford F-250 XL Truck Regular Cab V-8 cyl","241342","1FTBF2AA1REF89330","47,710","-2,281","-6,500","38,929","Oxford White","Medium Dark Slate","IN STOCK","N/A"
88,"2024 Ford F-250 XL Truck Regular Cab V-8 cyl","241364","1FTBF2AA0REF89495","47,710","-2,281","-6,500","38,929","Oxford White","Medium Dark Slate","IN STOCK","N/A"
89,"2024 Ford F-250 XL Truck Regular Cab V-8 cyl","240184","1FTBF2AA6REC55889","47,870","-2,293","-6,500","39,077","Oxford White","Medium Earth Gray","IN STOCK","N/A"
90,"2024 Ford F-250 XL Truck Regular Cab V-8 cyl","240232","1FTBF2AA7REC55903","47,870","-2,293","-6,500","39,077","Oxford White","Medium Earth Gray","IN STOCK","N/A"
91,"2024 Ford F-250 XLT Truck Crew Cab V-8 cyl","240329","1FT7W2BT1REC89924","71,280","-3,851","-3,000","64,429","Carbonized Gray","Medium Dark Slate","IN STOCK","N/A"
92,"2024 Ford F-250 Lariat Truck Crew Cab V-8 cyl","240185","1FT8W2BT8REC24637","85,895","-4,723","-1,000","80,172","Oxford White","Black Onyx","IN STOCK","N/A"
93,"2024 Ford F-250 Platinum Truck Crew Cab V-8 cyl","240515","1FT8W2BT2RED04399","93,995","-5,015","-1,000","87,980","Agate Black","Black Onyx","IN STOCK","N/A"
94,"2024 Ford F-250 Platinum Truck Crew Cab V-8 cyl","240630","1FT8W2BT3REC96975","94,990","-5,104","-1,000","88,886","Oxford White","Black Onyx","IN STOCK","N/A"
95,"2025 Ford F-250 XL Truck Regular Cab V-8 cyl","SEC68176","1FTBF2AA4SEC68176","47,760","-1,200","-1,500","45,060","Oxford White","Medium Dark Slate","IN STOCK","N/A"
96,"2025 Ford F-250 XL Truck Regular Cab V-8 cyl","SED04548","1FTBF2AAXSED04548","49,815","-1,375","-1,500","46,940","Oxford White","Medium Dark Slate","IN STOCK","N/A"
97,"2025 Ford F-250 XL Truck Super Cab V-8 cyl","SEE13000","1FT7X2AAXSEE13000","50,785","-1,348","-1,500","47,937","Oxford White","Med Dark Slate","IN STOCK","N/A"
98,"2025 Ford F-250 XL Truck Super Cab V-8 cyl","SEC37806","1FT7X2AA6SEC37806","50,950","-1,384","-1,500","48,066","Oxford White","Medium Dark Slate","IN STOCK","N/A"
99,"2025 Ford F-250 XL Truck Regular Cab V-8 cyl","SED15368","1FTBF2AT6SED15368","59,490","-2,304","-1,500","55,686","Oxford White","Medium Dark Slate","IN STOCK","N/A"
100,"2025 Ford F-250 XL Truck Crew Cab V-8 cyl","SED68981","1FT8W2BN9SED68981","61,660","-2,259","-1,500","57,901","Oxford White","Medium Dark Slate","IN STOCK","N/A"
101,"2025 Ford F-250 XL Truck Crew Cab V-8 cyl","SED69108","1FT8W2BN5SED69108","61,660","-2,259","-1,500","57,901","Oxford White","Medium Dark Slate","IN STOCK","N/A"
102,"2025 Ford F-250 XL Truck Regular Cab V-8 cyl","SED66190","1FTBF2BT6SED66190","62,280","-2,366","-1,500","58,414","Oxford White","Medium Dark","IN STOCK","N/A"
103,"2025 Ford F-250 XLT Truck Crew Cab V-8 cyl","SEC36684","1FT7W2BN7SEC36684","62,250","-2,086","-1,500","58,664","Antimatter Blue","Medium Dark Slate","IN STOCK","N/A"
104,"2025 Ford F-250 XLT Truck Crew Cab V-8 cyl","SEC78422","1FT7W2BN0SEC78422","62,470","-2,084","-1,500","58,886","Gray","Medium Dark","IN STOCK","N/A"
105,"2025 Ford F-250 XLT Truck Crew Cab V-8 cyl","SEC78422","1FT7W2BN0SEC78422","62,470","-2,084","-1,500","58,886","Gray","Medium Dark","IN STOCK","N/A"
106,"2025 Ford F-250 XL Truck Super Cab V-8 cyl","SEE12526","1FT8X2BT4SEE12526","66,150","-2,593","-1,500","62,057","Oxford White","Med Dark Slate","IN STOCK","N/A"
107,"2025 Ford F-250 XL Truck Crew Cab V-8 cyl","SEC64331","1FT8W2BT0SEC64331","71,245","-3,022","-1,500","66,723","Antimatter Blue","Medium Dark Slate","IN STOCK","N/A"
108,"2025 Ford F-250 XLT Truck Crew Cab V-8 cyl","SEC77647","1FT8W2BT4SEC77647","73,580","-3,068","-1,500","69,012","Antimatter Blue","Medium Dark Slate","IN STOCK","N/A"
109,"2025 Ford F-250 XLT Truck Crew Cab V-8 cyl","SEC77647","1FT8W2BT4SEC77647","73,580","-3,068","-1,500","69,012","Antimatter Blue","Medium Dark Slate","IN STOCK","N/A"
110,"2025 Ford F-250 XLT Truck Crew Cab V-8 cyl","SEC80781","1FT8W2BT1SEC80781","73,580","-3,059","-1,500","69,021","Oxford White","Medium Dark Slate","IN STOCK","N/A"
111,"2025 Ford F-250 XLT Truck Crew Cab V-8 cyl","SEC77183","1FT8W2BTXSEC77183","73,580","-3,059","-1,500","69,021","Oxford White","Medium Dark Slate","IN STOCK","N/A"
112,"2025 Ford F-250 XL Truck Crew Cab V-8 cyl","SEC65403","1FT8W2BT4SEC65403","73,985","-3,235","-1,500","69,250","Oxford White","Medium Dark Slate","IN STOCK","N/A"
113,"2025 Ford F-250 XL Truck Regular Cab V-8 cyl","SED15764","1FTBF2AT3SED15764","90,980","-17,245","-1,500","72,235","Oxford White","Medium Dark Slate","IN STOCK","N/A"
114,"2025 Ford F-250 Lariat Truck Crew Cab V-8 cyl","SED34664","1FT8W2BT5SED34664","82,690","-3,520","N/A","79,170","Avalanche","Black Onyx","IN STOCK","N/A"
115,"2025 Ford F-250 Lariat Truck Crew Cab V-8 cyl","SEC64486","1FT8W2BT7SEC64486","87,655","-3,972","N/A","83,683","Gray Metallic","Black Onyx","IN STOCK","N/A"
116,"2025 Ford F-250 Lariat Truck Crew Cab V-8 cyl","SEC28936","1FT8W2BT8SEC28936","88,430","-4,051","N/A","84,379","Glacier Gray Metallic Tri-Coat","Black Onyx","IN STOCK","N/A"
117,"2025 Ford F-250 Lariat Truck Crew Cab V-8 cyl","SEC67201","1FT8W2BT2SEC67201","88,650","-4,061","N/A","84,589","Oxford White","Black Onyx","IN STOCK","N/A"
118,"2025 Ford F-250 Lariat Truck Crew Cab V-8 cyl","SEC82208","1FT8W2BT3SEC82208","89,380","-4,126","N/A","85,254","Gray Metallic","Black Onyx","IN STOCK","N/A"
119,"2025 Ford F-250 Lariat Truck Crew Cab V-8 cyl","SEC08318","1FT8W2BT3SEC08318","90,125","-4,193","N/A","85,932","Agate Black","Black Onyx","IN STOCK","N/A"
120,"2025 Ford F-250 Lariat Truck Crew Cab V-8 cyl","SEC37125","1FT8W2BM4SEC37125","92,310","-4,402","N/A","87,908","Gray Metallic","Black Onyx","IN STOCK","N/A"
121,"2025 Ford F-250 Lariat Truck Crew Cab V-8 cyl","SEE02490","1FT8W2BTXSEE02490","92,805","-4,426","N/A","88,379","Oxford White","Black Onyx","IN STOCK","N/A"
122,"2025 Ford F-250 Lariat Truck Crew Cab V-8 cyl","SED96927","1FT8W2BT2SED96927","92,805","-4,426","N/A","88,379","Gray","Black Onyx","IN STOCK","N/A"
123,"2025 Ford F-250 Lariat Truck Crew Cab V-8 cyl","SED03170","1FT8W2BM0SED03170","93,295","-4,446","N/A","88,849","Avalanche","Black Onyx","IN STOCK","N/A"
124,"2025 Ford F-250 Lariat Truck Crew Cab V-8 cyl","SED83423","1FT8W2BM7SED83423","95,340","-4,654","N/A","90,686","Gray","Black Onyx","IN STOCK","N/A"
125,"2025 Ford F-250 Platinum Truck Crew Cab V-8 cyl","SED68635","1FT8W2BT3SED68635","96,695","-4,253","N/A","92,442","Oxford White","Black Onyx","IN STOCK","N/A"
126,"2025 Ford F-250 King Ranch Truck Crew Cab V-8 cyl","SEC35606","1FT8W2BMXSEC35606","98,640","-4,480","N/A","94,160","Oxford White","Java","IN STOCK","N/A"
127,"2025 Ford F-250 Platinum Truck Crew Cab V-8 cyl","SED99737","1FT8W2BM0SED99737","102,865","-4,810","N/A","98,055","Oxford White","Smkd Truffle","IN STOCK","N/A"
128,"2025 Ford Explorer Active SUV I-4 cyl","SGB43963","1FMUK7DH2SGB43963","41,450","-1,529","-1,500","38,421","Carbonized Gray","Dark Gray/Onyx","IN STOCK","20/29"
129,"2025 Ford Explorer Active SUV I-4 cyl","SGB42389","1FMUK7DH2SGB42389","41,450","-1,526","-1,500","38,424","Carbonized Gray","Dark Gray/Onyx","IN STOCK","20/29"
130,"2025 Ford Explorer Active SUV I-4 cyl","SGA61320","1FMUK8DH2SGA61320","43,845","-1,632","-1,500","40,713","Vapor Blue","Dark Gray/Onyx","IN STOCK","20/27"
131,"2025 Ford Explorer Active SUV I-4 cyl","SGB42899","1FMUK8DH6SGB42899","43,945","-1,639","-1,500","40,806","Vapor Blue","Gray","IN STOCK","20/27"
132,"2025 Ford Explorer Active SUV I-4 cyl","SGC66333","1FMUK8DH6SGC66333","44,145","-1,634","-1,500","41,011","Carbonized Gray","Dark Space","IN STOCK","20/27"
133,"2025 Ford Explorer Active SUV I-4 cyl","SGC60642","1FMUK8DH0SGC60642","49,060","-1,930","-1,500","45,630","Carbonized Gray","Gray","IN STOCK","20/27"
134,"2025 Ford Explorer ST-Line SUV I-4 cyl","SGC15058","1FMUK8KH4SGC15058","49,085","-1,846","-1,500","45,739","Rapid Red Tinted","Onyx","IN STOCK","20/27"
135,"2025 Ford Explorer ST-Line SUV EcoBoost I-4 with Auto Start-Stop Technology","N/A","1FMUK8KH6SGC96709","52,375","N/A","N/A","N/A","Star White Metallic Tri-Coat","Onyx","N/A","20/27"
136,"2025 Ford Explorer ST-Line SUV EcoBoost I-4 with Auto Start-Stop Technology","N/A","1FMUK8KH3SGC67328","54,070","N/A","N/A","N/A","Star White Metallic Tri-Coat","Onyx","N/A","20/27"
137,"2025 Ford Explorer ST SUV EcoBoost V6 Engine with Auto Start-Stop Technology","N/A","1FMWK8GC9SGC62527","61,860","N/A","N/A","N/A","Carbonized Gray Metallic","Onyx","N/A","18/25"
138,"2025 Ford Explorer ST SUV V-6 cyl","SGC17461","1FMWK8GC0SGC17461","61,230","-1,375","-1,500","58,355","Carbonized Gray","Onyx","IN STOCK","18/25"
139,"2025 Ford Explorer ST SUV EcoBoost V6 Engine with Auto Start-Stop Technology","N/A","1FMWK8GC3SGC67982","62,655","N/A","N/A","N/A","Star White Metallic Tri-Coat","Onyx","N/A","18/25"
140,"2025 Ford Explorer ST SUV V-6 cyl","SGC63099","1FMWK8GC8SGC63099","61,860","-1,397","-1,500","58,963","Carbonized Gray","Onyx","IN STOCK","18/25"
141,"2025 Ford Explorer ST SUV V-6 cyl","SGC38556","1FMWK8GC6SGC38556","62,655","-1,445","-1,500","59,710","Star White Tri-Coat","Onyx","IN STOCK","18/25"
142,"2024 Ford Escape ST-Line Elite SUV I-4 cyl","240613","1FMCU9PZXRUA50819","42,100","-1,585","-4,000","36,515","Star White Tri-Coat","Red / Ebony","IN STOCK","42/36"
143,"2024 Ford Escape Platinum SUV I-4 cyl","RUB52745","1FMCU9JA9RUB52745","42,960","-1,670","-4,000","37,290","Star White Tri-Coat","Ebony","IN STOCK","42/36"
144,"2024 Ford Escape Base SUV I-4 cyl","240594","1FMCU0E17RUA14269","42,990","-1,634","-7,000","34,356","Star White Tri-Coat","Ebony Black","IN STOCK","N/A"
145,"2024 Ford Escape Base SUV I-4 cyl","240615","1FMCU0E14RUA53305","42,990","-1,634","-7,000","34,356","Star White Tri-Coat","Ebony Black","IN STOCK","N/A"
146,"2024 Ford Escape Base SUV I-4 cyl","240431","1FMCU0E12RUA18553","42,990","-1,634","-7,000","34,356","Star White Tri-Coat","Ebony Black","IN STOCK","N/A"
147,"2024 Ford Escape Base SUV I-4 cyl","240615","1FMCU0E14RUA53305","42,990","-1,634","-7,000","34,356","Star White Tri-Coat","Ebony Black","IN STOCK","N/A"
148,"2024 Ford Escape Base SUV I-4 cyl","240619","1FMCU0E18RUA50634","42,990","-1,634","-7,000","34,356","Star White Tri-Coat","Ebony Black","IN STOCK","N/A"
149,"2024 Ford Escape Base SUV I-4 cyl","240477","1FMCU0E15RUA50610","42,990","-1,634","-7,000","34,356","Star White Tri-Coat","Ebony Black","IN STOCK","N/A"
150,"2024 Ford Escape Base SUV I-4 cyl","240476","1FMCU0E16RUA49014","42,990","-1,634","-7,000","34,356","Star White Tri-Coat","Ebony Black","IN STOCK","N/A"
151,"2024 Ford Escape Base SUV I-4 cyl","240615","1FMCU0E14RUA53305","42,990","-1,634","-7,000","34,356","Star White Tri-Coat","Ebony Black","IN STOCK","N/A"
152,"2024 Ford Escape Base SUV I-4 cyl","240262","1FMCU0E1XRUA07297","42,990","-1,631","-7,000","34,359","Star White Tri-Coat","Ebony Black","IN STOCK","N/A"
153,"2024 Ford Escape Base SUV I-4 cyl","240261","1FMCU0E17RUA07306","42,990","-1,631","-7,000","34,359","Star White Tri-Coat","Ebony Black","IN STOCK","N/A"
154,"2024 Ford Escape Base SUV I-4 cyl","240270","1FMCU0E14RUA18182","42,990","-1,631","-7,000","34,359","Star White Tri-Coat","Ebony Black","IN STOCK","N/A"
155,"2024 Ford Escape Base SUV I-4 cyl","240271","1FMCU0E16RUA18975","42,990","-1,631","-7,000","34,359","Star White Tri-Coat","Ebony Black","IN STOCK","N/A"
156,"2024 Ford Escape Base SUV I-4 cyl","240276","1FMCU0E17RUA07323","42,990","-1,631","-7,000","34,359","Star White Tri-Coat","Ebony","IN STOCK","N/A"
157,"2024 Ford Escape Base SUV I-4 cyl","240207","1FMCU0E17RUA07824","42,990","-1,631","-7,000","34,359","Star White Tri-Coat","Ebony Black","IN STOCK","N/A"
158,"2024 Ford Escape Base SUV I-4 cyl","240220","1FMCU0E15RUA00404","42,990","-1,631","-7,000","34,359","Star White Tri-Coat","Ebony Black","IN STOCK","N/A"
159,"2024 Ford Escape Base SUV I-4 cyl","240217","1FMCU0E15RUA07708","42,990","-1,631","-7,000","34,359","Star White Tri-Coat","Ebony Black","IN STOCK","N/A"
160,"2024 Ford Escape Base SUV I-4 cyl","240238","1FMCU0E16RUA07667","42,990","-1,631","-7,000","34,359","Star White Tri-Coat","Ebony Black","IN STOCK","N/A"
161,"2024 Ford Escape Base SUV I-4 cyl","240238","1FMCU0E16RUA07667","42,990","-1,631","-7,000","34,359","Star White Tri-Coat","Ebony Black","IN STOCK","N/A"
162,"2025 Ford Escape ST-Line SUV I-4 cyl","SUB28011","1FMCU0MZ5SUB28011","37,465","-1,451","-3,500","32,514","Star White Tri-Coat","Ebony","IN STOCK","27/34"
163,"2024 Ford Bronco Sport Outer Banks SUV I-3 cyl","240354","3FMCR9C62RRE51592","37,710","-1,257","-2,000","34,453","Shadow Black","Ebony/Roast","IN STOCK","25/29"
164,"2024 Ford Edge SE SUV I-4 cyl","240256","2FMPK4G92RBA83443","41,520","-2,185","N/A","39,335","Carbonized Gray","Ebony","IN STOCK","21/28"
165,"2024 Ford Edge SE SUV I-4 cyl","240366","2FMPK4G90RBA86986","41,520","-2,175","N/A","39,345","Agate Black","Ebony","IN STOCK","21/28"
166,"2024 Ford Bronco Sport Badlands SUV I-4 cyl","240987","3FMCR9D96RRF38419","44,800","-1,562","-5,000","38,238","Gray Metallic","Ebony/Roast","IN STOCK","21/26"
167,"2024 Ford Ranger XLT Truck SuperCrew I-4 cyl","240883","1FTER4HH2RLE26734","47,020","-1,859","-2,500","42,661","Azure Gray Metallic Tri-Coat","Ebony","IN STOCK","20/24"
168,"2024 Ford Transit-150 Cargo Base Van Low Roof Van V-6 cyl","241147","1FTYE1Y83RKB53767","50,155","-1,857","-6,000","42,298","Oxford White","Dark Palazzo Gray","IN STOCK","N/A"
169,"2024 Ford Transit-250 Cargo Base Van Low Roof Van V-6 cyl","241142","1FTBR1Y89RKB45960","51,135","-2,457","-6,000","42,678","Oxford White","Dark Palazzo Gray","IN STOCK","N/A"
170,"2024 Ford Transit-150 Cargo Base Van Medium Roof Van V-6 cyl","240953","1FTYE1C8XRKB16660","56,395","-2,805","-6,000","47,590","Oxford White","Gray","IN STOCK","N/A"
171,"2024 Ford Transit-250 Cargo Base Van High Roof Van V-6 cyl","RKB35822","1FTBR1X80RKB35822","56,705","-2,755","-6,000","47,950","Oxford White","Dark Palazzo Gray","IN STOCK","N/A"
172,"2024 Ford Bronco Outer Banks SUV I-4 cyl","241231","1FMDE8BH0RLB18495","61,220","-2,284","-2,000","56,936","Velocity Blue","Roast W/Black Onyx","IN STOCK","20/21"
173,"2024 Ford E-350 Cutaway Base Truck V-8 cyl","240102UP","1FDWE3FN5RDD31092","72,882","-9,834","N/A","63,048","Oxford White","Medium Flint","IN STOCK","N/A"
174,"2024 Ford Bronco Badlands SUV V-6 cyl","240302","1FMEE9BP9RLA04724","67,790","-2,605","-7,000","58,185","Hot Pepper Red Metallic Tinted Clearcoat","Black Onyx","IN STOCK","16/17"
175,"2024 Ford F-350 Chassis XL Truck Regular Cab V-8 cyl","REF19941","1FDRF3EN3REF19941","68,150","-2,470","-1,500","64,180","Oxford White","Medium Dark Slate","IN STOCK","N/A"
176,"2024 Ford F-550 Chassis XL Truck Standard Cab V-8 cyl","240144UP","1FDUF5GT5RDA02356","69,156","-1,185","-1,500","66,471","Oxford White","Medium Dark Slate","IN STOCK","N/A"
177,"2024 Ford F-550 Chassis XL Truck Standard Cab V-8 cyl","240144UP","1FDUF5GT5RDA02356","69,156","-1,185","-1,500","66,471","Oxford White","Medium Dark Slate","IN STOCK","N/A"
178,"2024 Ford F-600 Chassis XL Truck Standard Cab V-8 cyl","241165UP","1FDFF6KT9RDA32224","71,755","-1,278","-1,500","68,977","Oxford White","Medium Dark Slate","IN STOCK","N/A"
179,"2024 Ford F-350 Chassis XL Truck Super Cab V-8 cyl","240792UP","1FD8X3FN0REE93080","77,501","-5,238","-1,500","70,763","Oxford White","Medium Dark Slate","IN STOCK","N/A"
180,"2024 Ford Transit-350 Cutaway Base Truck V-6 cyl","RKB23241","1FDBF6P86RKB23241","78,652","-6,300","-6,000","66,352","Oxford White","Gray","IN STOCK","N/A"
181,"2024 Ford F-450 Chassis XL Truck Regular Cab V-8 cyl","240279UP","1FDUF4GT6RDA03607","78,629","-6,100","-1,500","71,029","Oxford White","Medium Dark Slate","IN STOCK","N/A"
182,"2024 Ford F-450 Chassis XL Truck Regular Cab V-8 cyl","240280UP","1FDUF4GT6RDA03865","78,629","-6,100","-1,500","71,029","Oxford White","Medium Dark Slate","IN STOCK","N/A"
183,"2024 Ford F-550 Chassis XL Truck Standard Cab V-8 cyl","240143UP","1FDUF5GT9REC03607","82,785","-6,329","-1,500","74,956","Oxford White","Medium Dark Slate","IN STOCK","N/A"
184,"2024 Ford F-550 Chassis XL Truck Standard Cab V-8 cyl","240131UP","1FDUF5GT3RDA02355","82,735","-6,194","-1,500","75,041","Oxford White","Medium Dark Slate","IN STOCK","N/A"
185,"2024 Ford Transit-350 Cutaway Base Truck V-6 cyl","240710UP","1FDBF6P86RKA21695","90,162","-12,426","-6,000","71,736","Oxford White","Gray","IN STOCK","N/A"
186,"2024 Ford F-550 Chassis XL Truck Standard Cab V-8 cyl","240650UP","1FDUF5HT2RDA10901","85,271","-6,519","-1,500","77,252","Oxford White","Medium Dark Slate","IN STOCK","N/A"
187,"2024 Ford F-550 Chassis XL Truck Standard Cab V-8 cyl","241180UP","1FDUF5HT3RDA28288","85,940","-6,566","-1,500","77,874","Oxford White","Medium Dark Slate","IN STOCK","N/A"
188,"2024 Ford Expedition Limited SUV V-6 cyl","240353","1FMJU2A84REA40487","82,860","-3,334","-7,000","72,526","Agate Black","Black Onyx","IN STOCK","16/22"
189,"2024 Ford F-450 Chassis XL Truck Regular Cab V-8 cyl","240821UP","1FDUF4GT8RDA18528","88,012","-5,059","-1,500","81,453","Oxford White","Medium Dark Slate","IN STOCK","N/A"
190,"2024 Ford F-350 Lariat Truck Crew Cab V-8 cyl","240164","1FT8W3BT6REC24027","89,430","-4,998","-1,000","83,432","Agate Black","Black Onyx","IN STOCK","N/A"
191,"2024 Ford F-550 Chassis XL Truck Standard Cab V-8 cyl","240149UP","1FDUF5GT9RDA02280","93,257","-8,559","-1,500","83,198","Oxford White","Medium Dark Slate","IN STOCK","N/A"
192,"2024 Ford Expedition Limited SUV V-6 cyl","240241","1FMJU2AG0REA22513","88,720","-3,690","-7,000","78,030","Agate Black","Black Onyx","IN STOCK","16/22"
193,"2024 Ford F-350 Lariat Truck Crew Cab V-8 cyl","240274","1FT8W3BT2REC45215","90,225","-5,140","-1,000","84,085","Carbonized Gray","Black Onyx","IN STOCK","N/A"
194,"2024 Ford F-550 Chassis XL Truck Crew Cab V-8 cyl","REF86293","1FD0W5GTXREF86293","91,614","-6,000","-1,500","84,114","Oxford White","Medium Dark Slate","IN STOCK","N/A"
195,"2024 Ford F-550 Chassis XL Truck Standard Cab V-8 cyl","241081UP","1FDUF5HT1RDA28323","93,971","-5,306","-1,500","87,165","Oxford White","Medium Dark Slate","IN STOCK","N/A"
196,"2024 Ford Expedition Max Limited SUV V-6 cyl","240564","1FMJK2AG6REA49463","94,810","-3,982","-7,000","83,828","Star White Metallic Tri-Coat","Black Onyx","IN STOCK","16/22"
197,"2024 Ford F-550 Chassis XL Truck Standard Cab V-8 cyl","240148UP","1FDUF5GT6RDA02219","98,930","-7,909","-1,500","89,521","Oxford White","Medium Dark Slate","IN STOCK","N/A"
198,"2024 Ford F-550 Chassis XL Truck Standard Cab V-8 cyl","240157UP","1FDUF5GTXRDA02224","98,930","-7,909","-1,500","89,521","Oxford White","Medium Dark Slate","IN STOCK","N/A"
199,"2025 Ford Maverick XLT Truck SuperCrew I-4 cyl","SRB06003","3FTTW8H33SRB06003","32,340","N/A","N/A","N/A","N/A","Navy Pier/Aspen Gray","IN STOCK","42/35"
200,"2025 Ford Maverick XL TRUCK Hybrid Engine","N/A","3FTTW8A3XSRB14240","29,840","N/A","N/A","N/A","Shadow Black","Black Onyx","N/A","42/35"
201,"2025 Ford Maverick XL TRUCK Hybrid Engine","N/A","3FTTW8A34SRB32880","29,940","N/A","N/A","N/A","Oxford White","Black Onyx","N/A","42/35"
202,"2025 Ford Maverick XL TRUCK Hybrid Engine","N/A","3FTTW8A39SRB41865","29,940","N/A","N/A","N/A","Space White Metallic","Black Onyx","N/A","42/35"
203,"2025 Ford Maverick XL TRUCK Hybrid Engine","N/A","3FTTW8A39SRB32700","29,940","N/A","N/A","N/A","Velocity Blue","Black Onyx","N/A","42/35"
204,"2025 Ford Maverick XL TRUCK EcoBoost Engine","N/A","3FTTW8BA8SRB43894","30,065","N/A","N/A","N/A","Desert Sand","Black Onyx","N/A","22/30"
205,"2025 Ford Maverick XL TRUCK EcoBoost Engine","N/A","3FTTW8BA3SRB36903","30,065","N/A","N/A","N/A","Space White Metallic","Black Onyx","N/A","22/30"
206,"2025 Ford Maverick XL TRUCK EcoBoost Engine","N/A","3FTTW8BAXSRB43895","30,860","N/A","N/A","N/A","Oxford White","Black Onyx","N/A","22/30"
207,"2025 Ford Maverick XLT Truck SuperCrew I-4 cyl","SRB04564","3FTTW8H30SRB04564","32,340","-554","N/A","31,786","Velocity Blue","Navy Pier/Aspen Gray","IN STOCK","42/35"
208,"2025 Ford Maverick XLT Truck SuperCrew I-4 cyl","SRB04564","3FTTW8H30SRB04564","32,340","-554","N/A","31,786","Velocity Blue","Navy Pier/Aspen Gray","IN STOCK","42/35"
209,"2025 Ford Maverick XLT Truck SuperCrew I-4 cyl","SRA83451","3FTTW8H31SRA83451","32,340","-554","N/A","31,786","Oxford White","Navy Pier/Aspen Gray","IN STOCK","42/35"
210,"2025 Ford Maverick XLT Truck SuperCrew I-4 cyl","SRB14249","3FTTW8H39SRB14249","32,340","-554","N/A","31,786","Oxford White","Navy Pier/Aspen Gray","IN STOCK","42/35"
211,"2025 Ford Maverick XLT Truck SuperCrew I-4 cyl","SRA83436","3FTTW8H35SRA83436","32,340","-554","N/A","31,786","Oxford White","Navy Pier/Aspen Gray","IN STOCK","42/35"
212,"2025 Ford Maverick XLT Truck SuperCrew I-4 cyl","SRB11280","3FTTW8H3XSRB11280","32,340","-554","N/A","31,786","Gray Metallic","Navy Pier/Aspen Gray","IN STOCK","42/35"
213,"2025 Ford Maverick XLT TRUCK Hybrid Engine","N/A","3FTTW8H35SRB14264","32,340","N/A","N/A","N/A","Carbonized Gray Metallic","Navy Pier","N/A","42/35"
214,"2025 Ford Maverick XLT TRUCK Hybrid Engine","N/A","3FTTW8H35SRB14281","32,340","N/A","N/A","N/A","Velocity Blue","Navy Pier","N/A","42/35"
215,"2025 Ford Maverick XLT TRUCK EcoBoost Engine","N/A","3FTTW8JA3SRB43898","32,465","N/A","N/A","N/A","Space White Metallic","Navy Pier","N/A","22/30"
216,"2025 Ford Maverick XLT TRUCK EcoBoost Engine","N/A","3FTTW8JAXSRB43896","32,465","N/A","N/A","N/A","Oxford White","Navy Pier","N/A","22/30"
217,"2025 Ford Maverick XLT Truck SuperCrew I-4 cyl","SRB02772","3FTTW8H38SRB02772","32,835","-589","N/A","32,246","Azure   Gray","Navy Pier/Aspen Gray","IN STOCK","42/35"
218,"2025 Ford Bronco Sport Big Bend SUV EcoBoost with Auto Start-Stop Technology","N/A","3FMCR9BN8SRF20154","32,990","N/A","N/A","N/A","Shadow Black","Medium Light Smoked Truffle","N/A","25/30"
219,"2025 Ford Maverick XLT TRUCK EcoBoost Engine","N/A","3FTTW8JA1SRB43897","34,005","N/A","N/A","N/A","Eruption Green","Navy Pier","N/A","22/30"
220,"2025 Ford Bronco Sport Big Bend SUV I-3 cyl","SRE76617","3FMCR9BN9SRE76617","34,680","-836","-500","33,344","Velocity Blue","Light Smkd Tru","IN STOCK","25/30"
221,"2025 Ford Bronco Sport Big Bend SUV EcoBoost with Auto Start-Stop Technology","N/A","3FMCR9BN2SRF28248","34,685","N/A","N/A","N/A","Carbonized Gray Metallic","Medium Light Smoked Truffle","N/A","25/30"
222,"2025 Ford Bronco Sport Big Bend SUV EcoBoost with Auto Start-Stop Technology","N/A","3FMCR9BN9SRF20275","35,080","N/A","N/A","N/A","Eruption Green Metallic","Medium Light Smoked Truffle","N/A","25/30"
223,"2025 Ford Ranger XL Truck SuperCrew I-4 cyl","SLE19019","1FTER4BH0SLE19019","35,170","-450","-1,000","33,720","Oxford White","Ebony","IN STOCK","21/25"
224,"2025 Ford Ranger XL Truck SuperCrew I-4 cyl","SLE24127","1FTER4BH6SLE24127","35,315","-459","-1,000","33,856","Oxford White","Ebony","IN STOCK","21/25"
225,"2025 Ford Bronco Sport Big Bend SUV I-3 cyl","SRE98452","3FMCR9BN3SRE98452","36,500","-946","-500","35,054","Desert Sand","Smkd Truffle","IN STOCK","25/30"
226,"2025 Ford Maverick XLT Truck SuperCrew I-4 cyl","SRA89826","3FTTW8JA3SRA89826","36,695","-849","-1,000","34,846","Velocity Blue","Navy Pier","IN STOCK","40/34"
227,"2025 Ford Maverick Lobo Truck SuperCrew I-4 cyl","SRA94918","3FTCW8TA4SRA94918","36,950","-644","-1,000","35,306","Shadow Black","Black Onyx","IN STOCK","21/30"
228,"2025 Ford Maverick Lobo Truck SuperCrew I-4 cyl","SRB13782","3FTCW8TA3SRB13782","37,625","-650","-1,000","35,975","Carbonized Gray","Black Onyx","IN STOCK","21/30"
229,"2025 Ford Maverick Lobo Truck SuperCrew I-4 cyl","SRA83594","3FTCW8TA4SRA83594","37,625","-650","-1,000","35,975","Carbonized Gray","Black Onyx","IN STOCK","21/30"
230,"2025 Ford Maverick Lobo Standard Truck SuperCrew I-4 cyl","SRB14290","3FTCW8TA9SRB14290","37,625","-650","-1,000","35,975","Carbonized Gray","Black Onyx","IN STOCK","21/30"
231,"2025 Ford Bronco Sport Big Bend SUV EcoBoost with Auto Start-Stop Technology","N/A","3FMCR9BN3SRE93557","38,495","N/A","N/A","N/A","Azure Gray Metallic Tri-Coat","Medium Light Smoked Truffle","N/A","25/30"
232,"2025 Ford Bronco Sport Outer Banks SUV EcoBoost with Auto Start-Stop Technology","N/A","3FMCR9CN7SRF27868","40,485","N/A","N/A","N/A","Oxford White","Ebony/Roast","N/A","25/30"
233,"2025 Ford Bronco Sport Outer Banks SUV EcoBoost with Auto Start-Stop Technology","N/A","3FMCR9CN1SRF26814","40,880","N/A","N/A","N/A","Eruption Green Metallic","Ebony/Roast","N/A","25/30"
234,"2025 Ford Mustang Mach-E Select SUV Standard Range Battery (RWD)","SMA13029","3FMTK1R41SMA13029","40,885","-767","-2,000","38,118","Desert Sand","Black Onyx","IN STOCK","106/98"
235,"2025 Ford Maverick Lariat Truck SuperCrew I-4 cyl","SRA89117","3FTTW8SA9SRA89117","40,875","-753","-1,000","39,122","White","Black Onyx","IN STOCK","40/34"
236,"2025 Ford Mustang Mach-E Select SUV Standard Range Battery (RWD)","SMA10164","3FMTK1R43SMA10164","41,380","-777","-2,000","38,603","Velocity Blue","Black Onyx","IN STOCK","106/98"
237,"2025 Ford Bronco Sport Outer Banks SUV EcoBoost with Auto Start-Stop Technology","N/A","3FMCR9CN0SRF10152","41,875","N/A","N/A","N/A","Desert Sand","Ebony/Roast","N/A","25/30"
238,"2025 Ford Bronco Base SUV I-4 cyl","SLA80266","1FMDE6BHXSLA80266","41,385","-579","-1,000","39,806","Oxford White","Dark Space Gray","IN STOCK","18/22"
239,"2025 Ford Mustang Mach-E Select SUV Standard Range Battery (RWD)","SMA10641","3FMTK1R40SMA10641","41,880","-787","-2,000","39,093","Glacier Gray TriCoat","Black Onyx","IN STOCK","106/98"
240,"2025 Ford Mustang Mach-E Select SUV Standard Range Battery (RWD)","SMA10641","3FMTK1R40SMA10641","41,880","-787","-2,000","39,093","Glacier Gray TriCoat","Black Onyx","IN STOCK","106/98"
241,"2025 Ford Mustang Mach-E Select CROSSOVERS Standard Range Battery (RWD)","N/A","3FMTK1R47SMA44995","41,780","N/A","N/A","N/A","Star White Metallic Tri-Coat","Black Onyx","N/A","106/"
242,"2025 Ford Mustang Mach-E Select SUV Standard Range Battery (RWD)","SMA30716","3FMTK1R46SMA30716","42,780","-805","-2,000","39,975","Star White Tri-Coat","Black Onyx","IN STOCK","106/98"
243,"2025 Ford Mustang Mach-E Select CROSSOVERS Standard Range Battery (RWD)","N/A","3FMTK1R41SMA47486","42,580","N/A","N/A","N/A","Shadow Black","Black Onyx","N/A","106/"
244,"2025 Ford Mustang Mach-E Premium SUV Standard Range Battery (RWD)","SMA07139","3FMTK3R46SMA07139","43,085","-811","-2,000","40,274","Velocity Blue","Black Onyx","IN STOCK","106/98"
245,"2025 Ford Mustang Mach-E Premium SUV Standard Range Battery (RWD)","SMA10864","3FMTK3R44SMA10864","43,585","-821","-2,000","40,764","Star White Tri-Coat","Black Onyx","IN STOCK","106/98"
246,"2025 Ford Bronco Base SUV EcoBoost I-4 Engine","N/A","1FMDE6BH5SLB21547","44,580","N/A","N/A","N/A","Shadow Black","Black Onyx","N/A","18/22"
247,"2025 Ford Bronco Base SUV EcoBoost I-4 Engine","N/A","1FMDE6BH5SLB08104","44,975","N/A","N/A","N/A","Desert Sand","Black Onyx","N/A","18/22"
248,"2025 Ford Bronco Big Bend SUV I-4 cyl","SLA69571","1FMDE7BH7SLA69571","45,950","-1,159","-1,000","43,791","Gray Metallic","Dark Gray W/Black Onyx","IN STOCK","20/21"
249,"2025 Ford Bronco Big Bend SUV I-4 cyl","SLA77581","1FMDE7BH6SLA77581","46,750","-1,199","-1,000","44,551","Carbonized Gray Metallic","Black Onyx","IN STOCK","20/21"
250,"2025 Ford Mustang Mach-E Premium CROSSOVERS Standard Range Battery (RWD)","N/A","3FMTK3R44SMA49454","46,460","N/A","N/A","N/A","Shadow Black","Light Space Gray","N/A","106/"
251,"2025 Ford Mustang GT Coupe V-8 cyl","S5413074","1FA6P8CFXS5413074","48,555","-2,266","-2,500","43,789","Carbonized Gray","Blk Onyx Clth","IN STOCK","15/24"
252,"2025 Ford Bronco Big Bend SUV EcoBoost I-4 Engine","N/A","1FMDE7BH1SLB25763","47,300","N/A","N/A","N/A","Oxford White","Black Onyx","N/A","18/22"
253,"2025 Ford Mustang Mach-E Premium SUV Standard Range Battery (RWD)","SMA44665","3FMTK3R43SMA44665","48,005","-909","N/A","47,096","Glacier Gray TriCoat","Blk Perforated","IN STOCK","106/98"
254,"2025 Ford Mustang Mach-E Premium SUV Extended Range Battery (RWD)","SMA09539","3FMTK3R77SMA09539","48,935","-928","-2,000","46,007","Star White Tri-Coat","Light Space Gray","IN STOCK","106/98"
255,"2025 Ford Bronco Big Bend SUV EcoBoost I-4 Engine","N/A","1FMDE7BH0SLB11286","49,335","N/A","N/A","N/A","Ruby Red Metallic Tinted Clearcoat","Black Onyx","N/A","18/22"
256,"2025 Ford Transit Commercial Cargo Van VAN PFDi V6 Engine","N/A","1FTYE1Y87SKA94910","50,495","N/A","N/A","N/A","Oxford White","Dark Palazzo","N/A","N/A"
257,"2025 Ford Mustang Mach-E Premium SUV Extended Range Battery (RWD)","SMA13477","3FMTK3R79SMA13477","49,680","-943","-2,000","46,737","Star White Tri-Coat","Light Space Gray","IN STOCK","106/98"
258,"2025 Ford Mustang Mach-E Premium SUV Extended Range Battery (RWD)","SMA13477","3FMTK3R79SMA13477","49,680","-943","-2,000","46,737","Star White Tri-Coat","Light Space Gray","IN STOCK","106/98"
259,"2025 Ford Mustang Mach-E Premium SUV Extended Range Battery (RWD)","SMA31143","3FMTK3R74SMA31143","49,980","-1,223","-2,000","46,757","Velocity Blue","Blk Perforated","IN STOCK","106/98"
260,"2025 Ford Mustang Mach-E Premium CROSSOVERS Extended Range Battery (RWD)","N/A","3FMTK3R74SMA49867","49,530","N/A","N/A","N/A","Velocity Blue Metallic","Black Onyx","N/A","106/"
261,"2025 Ford Transit-150 Cargo Base Van Low Roof Van V-6 cyl","SKA42182","1FTYE1Y84SKA42182","49,790","-1,000","-1,500","47,290","Oxford White","Dark Palazzo Gray","IN STOCK","N/A"
262,"2025 Ford Transit-150 Cargo Base Van Low Roof Van V-6 cyl","SKA42182","1FTYE1Y84SKA42182","49,790","-1,000","-1,500","47,290","Oxford White","Dark Palazzo Gray","IN STOCK","N/A"
263,"2025 Ford Transit-150 Cargo Base Van Low Roof Van V-6 cyl","SKA42525","1FTYE1Y88SKA42525","49,790","-1,000","-1,500","47,290","Oxford White","Dark Palazzo Gray","IN STOCK","N/A"
264,"2025 Ford Transit-150 Cargo Base Van Low Roof Van V-6 cyl","SKA42130","1FTYE1Y87SKA42130","49,790","-1,000","-1,500","47,290","Oxford White","Dark Palazzo Gray","IN STOCK","N/A"
265,"2025 Ford Transit-150 Cargo Base Van Low Roof Van V-6 cyl","SKA42030","1FTYE1Y83SKA42030","49,790","-1,000","-1,500","47,290","Oxford White","Dark Palazzo Gray","IN STOCK","N/A"
266,"2025 Ford Transit-150 Cargo Base Van Low Roof Van V-6 cyl","SKA19622","1FTYE1Y81SKA19622","50,390","-1,000","-1,500","47,890","Oxford White","Dark Palazzo Gray","IN STOCK","N/A"
267,"2025 Ford Mustang Mach-E Premium SUV Extended Range Battery (RWD)","SMA27107","3FMTK3R72SMA27107","50,515","-959","N/A","49,556","Desert Sand","Gray","N/A","106/98"
268,"2025 Ford Bronco Big Bend SUV EcoBoost I-4 Engine","N/A","1FMDE7BHXSLB15460","51,335","N/A","N/A","N/A","Oxford White","Black Onyx","N/A","18/22"
269,"2025 Ford Bronco Big Bend SUV EcoBoost I-4 Engine","N/A","1FMDE7BH6SLB11308","51,730","N/A","N/A","N/A","Desert Sand","Black Onyx","N/A","18/22"
270,"2025 Ford Bronco Big Bend SUV EcoBoost I-4 Engine","N/A","1FMDE7BH6SLB28691","51,880","N/A","N/A","N/A","Azure Gray Metallic Tri-Coat","Black Onyx","N/A","18/22"
271,"2025 Ford Bronco Outer Banks SUV I-4 cyl","SLA79117","1FMDE8BH5SLA79117","52,420","-1,753","-1,000","49,667","Eruption Green","Smkd Truffle","IN STOCK","20/21"
272,"2025 Ford Mustang Mach-E Premium SUV Extended Range Battery (RWD)","SMA15881","3FMTK3R74SMA15881","51,680","-983","-2,000","48,697","Shadow Black","Black Onyx","IN STOCK","106/98"
273,"2025 Ford Mustang Mach-E Premium CROSSOVERS Extended Range Battery (RWD)","N/A","3FMTK3R75SMA33953","51,510","N/A","N/A","N/A","Glacier Gray Metallic Tri-Coat","Black Onyx","N/A","106/"
274,"2025 Ford Mustang Mach-E Premium CROSSOVERS Extended Range Battery (RWD)","N/A","3FMTK3R7XSMA49906","51,705","N/A","N/A","N/A","Molten Magenta Metallic Tinted Clearcoat","Black Onyx","N/A","106/"
275,"2025 Ford Mustang Mach-E Premium CROSSOVERS Extended Range Battery (RWD)","N/A","3FMTK3R74SMA49075","51,705","N/A","N/A","N/A","Glacier Gray Metallic Tri-Coat","Black Onyx","N/A","106/"
276,"2025 Ford Mustang Mach-E Premium SUV Extended Range Battery (AWD)","SMA09762","3FMTK3SUXSMA09762","52,680","-1,003","-2,000","49,677","Glacier Gray TriCoat","Black Onyx","IN STOCK","95/88"
277,"2025 Ford Transit-150 Cargo Base Van Medium Roof Van V-6 cyl","SKA92761","1FTYE1C87SKA92761","52,790","-1,000","-1,500","50,290","Oxford White","Dark Palazzo","IN STOCK","N/A"
278,"2025 Ford Transit-250 Cargo Base Van Low Roof Van V-6 cyl","SKA93622","1FTBR1Y85SKA93622","53,030","-1,000","-1,500","50,530","Oxford White","Dark Palazzo Gray","IN STOCK","N/A"
279,"2025 Ford Transit-250 Cargo Base Van Low Roof Van V-6 cyl","SKA34201","1FTBR1Y85SKA34201","53,540","-1,000","-1,500","51,040","Oxford White","Dark Palazzo Gray","IN STOCK","N/A"
280,"2025 Ford Transit Commercial Cargo Van VAN PFDi V6 Engine","N/A","1FTBR1X88SKA97309","55,160","N/A","N/A","N/A","Oxford White","Dark Palazzo","N/A","N/A"
281,"2025 Ford Transit-250 Cargo Base Van Low Roof Van V-6 cyl","SKA94952","1FTBR1Y89SKA94952","52,840","N/A","-1,500","51,340","Oxford White","Dark Palazzo","IN STOCK","N/A"
282,"2025 Ford Transit-250 Cargo Base Van Low Roof Van V-6 cyl","SKA94861","1FTBR1Y86SKA94861","52,840","N/A","-1,500","51,340","Oxford White","Dark Palazzo","IN STOCK","N/A"
283,"2025 Ford Bronco Outer Banks SUV I-4 cyl","SLA72604","1FMDE8BH3SLA72604","54,850","-1,906","-1,000","51,944","Shadow Black","Smoked Truffle","IN STOCK","20/21"
284,"2025 Ford Mustang Mach-E Premium SUV Extended Range Battery (AWD)","SMA37299","3FMTK3SUXSMA37299","54,010","-1,029","-2,000","50,981","Eruption Green","Blk Perforated","IN STOCK","95/88"
285,"2025 Ford Transit-250 Cargo Base Van Low Roof Van V-6 cyl","SKA93620","1FTBR1Y81SKA93620","53,030","N/A","-1,500","51,530","Oxford White","Dark Palazzo Gray","IN STOCK","N/A"
286,"2025 Ford Transit-250 Cargo Base Van Low Roof Van V-6 cyl","SKA93624","1FTBR1Y89SKA93624","53,030","N/A","-1,500","51,530","Oxford White","Dark Palazzo","IN STOCK","N/A"
287,"2025 Ford Transit-250 Cargo Base Van Low Roof Van V-6 cyl","SKA93446","1FTBR1Y80SKA93446","53,030","N/A","-1,500","51,530","Oxford White","Dark Palazzo","IN STOCK","N/A"
288,"2025 Ford Transit-250 Cargo Base Van Medium Roof Van V-6 cyl","SKA04896","1FTBR1C85SKA04896","54,135","-1,000","N/A","53,135","Oxford White","Dark Palazzo Gray","IN STOCK","N/A"
289,"2025 Ford Bronco Outer Banks SUV I-4 cyl","SLA67645","1FMDE8BH3SLA67645","55,245","-1,930","-1,000","52,315","Eruption Green","Black","IN STOCK","20/21"
290,"2025 Ford Mustang Mach-E Premium CROSSOVERS Extended Range Battery (RWD)","N/A","3FMTK3R76SMA39048","54,200","N/A","N/A","N/A","Velocity Blue Metallic","Black Onyx","N/A","106/"
291,"2025 Ford Mustang Mach-E Premium CROSSOVERS Extended Range Battery (RWD)","N/A","3FMTK3R78SMA43215","54,700","N/A","N/A","N/A","Star White Metallic Tri-Coat","Black Onyx","N/A","106/"
292,"2025 Ford Transit-350 Cargo Base Van Medium Roof Van V-6 cyl","SKA93618","1FTBW9C85SKA93618","55,155","-1,000","N/A","54,155","Oxford White","Dark Palazzo Gray","IN STOCK","N/A"
293,"2025 Ford Mustang Mach-E Premium CROSSOVERS Extended Range Battery (RWD)","N/A","3FMTK3R7XSMA43538","55,250","N/A","N/A","N/A","Glacier Gray Metallic Tri-Coat","Black Onyx","N/A","106/"
294,"2025 Ford Transit Commercial Cargo Van VAN PFDi V6 Engine","N/A","1FTBW1Y84SKB22049","57,465","N/A","N/A","N/A","Oxford White","Dark Palazzo","N/A","N/A"
295,"2025 Ford F-350 XL Truck Crew Cab V-8 cyl","SED33317","1FT8W3BA6SED33317","56,605","-1,745","-1,500","53,360","Oxford White","Medium Dark Slate","IN STOCK","N/A"
296,"2025 Ford Transit-350 Cargo Base Van Medium Roof Van V-6 cyl","SKA93187","1FTBW9C84SKA93187","55,155","N/A","N/A","55,155","Oxford White","Dark Palazzo Gray","IN STOCK","N/A"
297,"2025 Ford Bronco Outer Banks SUV EcoBoost V6 Engine","N/A","1FMEE8BPXSLB21745","58,190","N/A","N/A","N/A","Azure Gray Metallic Tri-Coat","Black Onyx","N/A","19/21"
298,"2025 Ford Mustang Mach-E Premium SUV Extended Range Battery (AWD)","SMA32564","3FMTK3SU0SMA32564","57,505","-1,099","N/A","56,406","Star White Tri-Coat","Blk Perforated","IN STOCK","95/88"
299,"2025 Ford Bronco Outer Banks SUV V-6 cyl","SLA69773","1FMEE8BP6SLA69773","58,690","-2,129","-1,000","55,561","Marsh Gray","Black Onyx","IN STOCK","20/21"
300,"2025 Ford Mustang Mach-E Premium CROSSOVERS Extended Range Battery (AWD)","N/A","3FMTK3SU1SMA40849","57,700","N/A","N/A","N/A","Glacier Gray Metallic Tri-Coat","Black Onyx","N/A","95/"
301,"2025 Ford Mustang Mach-E Premium CROSSOVERS Extended Range Battery (AWD)","N/A","3FMTK3SU8SMA47412","57,750","N/A","N/A","N/A","Velocity Blue Metallic","Black Onyx","N/A","95/"
302,"2025 Ford Mustang Mach-E Premium CROSSOVERS Extended Range Battery (AWD)","N/A","3FMTK3SU8SMA47491","57,750","N/A","N/A","N/A","Eruption Green Metallic","Black Onyx","N/A","95/"
303,"2025 Ford Mustang Mach-E Premium CROSSOVERS Extended Range Battery (AWD)","N/A","3FMTK3SU1SMA41385","58,250","N/A","N/A","N/A","Star White Metallic Tri-Coat","Black Onyx","N/A","95/"
304,"2025 Ford Mustang Mach-E GT SUV Extended Range Battery (AWD)","SMA03923","3FMTK4SX0SMA03923","59,880","-1,256","-2,000","56,624","Shadow Black","Performance Gray","IN STOCK","95/85"
305,"2025 Ford Transit-350 Cargo Base Van High Roof Van V-6 cyl","SKA32012","1FTBW2X83SKA32012","59,890","N/A","N/A","59,890","Oxford White","Dark Palazzo Gray","IN STOCK","N/A"
306,"2025 Ford Mustang Mach-E GT SUV Extended Range Battery (AWD)","SMA24318","3FMTK4SX0SMA24318","61,305","-1,284","-2,000","58,021","Star White Tri-Coat","Gray","IN STOCK","95/85"
307,"2025 Ford Mustang GT Premium Fastback CAR Ti-VCT V8 Engine with Stop/Start System","N/A","1FA6P8CFXS5416492","63,470","N/A","N/A","N/A","Vapor Blue Metallic","Black Onyx","N/A","16/24"
308,"2025 Ford Mustang GT Premium Coupe V-8 cyl","S5412479","1FA6P8CF9S5412479","64,365","-3,194","-2,500","58,671","Carbonized Gray","Black Onyx","IN STOCK","15/24"
309,"2025 Ford Mustang Mach-E GT CROSSOVERS Extended Range Battery (AWD)","N/A","3FMTK4SX8SMA43151","62,500","N/A","N/A","N/A","Shadow Black","Performance Gray with City Silver Stitching","N/A","95/"
310,"2025 Ford Bronco Outer Banks SUV EcoBoost V6 Engine","N/A","1FMEE8BP5SLB07462","63,660","N/A","N/A","N/A","Oxford White","Black Onyx","N/A","17/18"
311,"2025 Ford Bronco Outer Banks SUV V-6 cyl","SLB07971","1FMEE8BP4SLB07971","64,055","-2,445","-1,000","60,610","Gray","Smkd Truffle","IN STOCK","20/21"
312,"2025 Ford F-350 XL Truck Regular Cab V-8 cyl","SED21297","1FTRF3BT2SED21297","64,595","-2,533","-1,500","60,562","Oxford White","Medium Dark Slate","IN STOCK","N/A"
313,"2025 Ford Mustang GT Premium Coupe V-8 cyl","S5410336","1FA6P8CFXS5410336","65,750","-3,278","-2,500","59,972","Oxford White","Carmine Red","IN STOCK","15/24"
314,"2025 Ford F-350 XLT Truck Crew Cab V-8 cyl","SED26006","1FT8W3BN5SED26006","66,390","-2,472","-1,500","62,418","Oxford White","Medium Dark Slate","IN STOCK","N/A"
315,"2025 Ford F-350 XLT Truck Crew Cab V-8 cyl","SED28143","1FT8W3BN3SED28143","66,390","-2,472","-1,500","62,418","Oxford White","Medium Dark Slate","IN STOCK","N/A"
316,"2025 Ford F-350 XL Truck Crew Cab V-8 cyl","SED65739","1FT8W3BT3SED65739","66,660","-2,538","-1,500","62,622","Oxford White","Med Dark Slate","IN STOCK","N/A"
317,"2025 Ford F-350 XL Truck Crew Cab V-8 cyl","SED64515","1FT8W3BT9SED64515","66,660","-2,538","-1,500","62,622","Oxford White","Med Dark Slate","IN STOCK","N/A"
318,"2025 Ford F-150 Lightning XLT TRUCK Dual eMotor - 98 kWh Standard Range Battery","N/A","1FTVW3LK7SWG22050","66,710","N/A","N/A","N/A","Antimatter Blue Metallic","Medium Dark Slate","N/A","76/"
319,"2025 Ford F-350 XL Truck Crew Cab V-8 cyl","SED19080","1FT8W3BT6SED19080","66,985","-2,684","-1,500","62,801","Oxford White","Medium Dark Slate","IN STOCK","N/A"
320,"2025 Ford F-150 Lightning XLT Truck SuperCrew Cab Dual eMotor - 98 kWh Standard Range Battery","SWG16244","1FTVW3LK1SWG16244","65,965","-1,539","-1,000","63,426","White Metallic","Medium Dark Slate","IN STOCK","76/61"
321,"2025 Ford F-150 Lightning XLT TRUCK Dual eMotor - 98 kWh Standard Range Battery","N/A","1FTVW3LK4SWG24595","67,515","N/A","N/A","N/A","Carbonized Gray Metallic","Medium Dark Slate","N/A","76/"
322,"2025 Ford Transit Commercial Passenger Van XLT VAN EcoBoost V6 Engine","N/A","1FBAX2XG1SKB16463","68,430","N/A","N/A","N/A","Oxford White","Dark Palazzo","N/A","N/A"
323,"2025 Ford Transit Commercial Passenger Van XLT VAN EcoBoost V6 Engine","N/A","1FBAX2XG3SKB16674","68,430","N/A","N/A","N/A","Oxford White","Dark Palazzo","N/A","N/A"
324,"2025 Ford Bronco Badlands SUV V-6 cyl","SLA94352","1FMEE9BP0SLA94352","69,320","-2,699","-1,000","65,621","Gray","Lthr Blk","IN STOCK","16/17"
325,"2025 Ford F-350 XL Truck Crew Cab V-8 cyl","SED32456","1FT8W3DT6SED32456","69,655","-2,857","-1,500","65,298","Oxford White","Medium Dark Slate","IN STOCK","N/A"
326,"2025 Ford F-350 Chassis XL Truck Super Cab V-8 cyl","SEE03291","1FD8X3FT8SEE03291","69,480","-2,679","N/A","66,801","Oxford White","Med Dark Slate","IN STOCK","N/A"
327,"2025 Ford F-350 Chassis XL Truck Super Cab V-8 cyl","SEE06220","1FD8X3FT0SEE06220","69,480","-2,679","N/A","66,801","Oxford White","Med Dark Slate","IN STOCK","N/A"
328,"2025 Ford F-350 XL Truck Crew Cab V-8 cyl","SED32717","1FT8W3DT8SED32717","69,970","-2,886","-1,500","65,584","Gray Metallic","Medium Dark Slate","IN STOCK","N/A"
329,"2025 Ford F-350 XL Truck Crew Cab V-8 cyl","SED32419","1FT8W3BA9SED32419","69,039","-1,745","-1,500","65,794","Oxford White","Medium Dark Slate","IN STOCK","N/A"
330,"2025 Ford F-150 Lightning Flash Truck SuperCrew Cab Dual eMotor - 123 kWh Extended Range Battery","SWG18438","1FT6W3LU5SWG18438","71,395","-2,756","-1,000","67,639","Carbonized Gray","Medium Dark Slate","IN STOCK","N/A"
331,"2025 Ford F-350 XL Truck Crew Cab V-8 cyl","SED25791","1FT8W3DT7SED25791","72,870","-3,144","-1,500","68,226","Oxford White","Medium Dark Slate","IN STOCK","N/A"
332,"2025 Ford F-150 Lightning Flash Truck SuperCrew Cab","SWG19749","1FT6W3LU5SWG19749","72,595","-2,805","-1,000","68,790","Carbonized Gray","Medium Dark Slate","IN STOCK","N/A"
333,"2025 Ford Bronco Badlands SUV V-6 cyl","SLA95517","1FMEE9BP0SLA95517","73,390","-2,912","-1,000","69,478","N/A","N/A","IN STOCK","16/17"
334,"2025 Ford F-150 Lightning Flash TRUCK Dual eMotor - 123 kWh Extended Range Battery","N/A","1FT6W3LU5SWG23347","73,395","N/A","N/A","N/A","Agate Black Metallic","Medium Dark Slate","N/A","N/A"
335,"2025 Ford F-150 Lightning Flash TRUCK Dual eMotor - 123 kWh Extended Range Battery","N/A","1FT6W3LU2SWG23516","74,595","N/A","N/A","N/A","Iconic Silver Metallic","Medium Dark Slate","N/A","N/A"
336,"2025 Ford F-150 Lightning Flash TRUCK Dual eMotor - 123 kWh Extended Range Battery","N/A","1FT6W3LU9SWG19124","74,595","N/A","N/A","N/A","Oxford White","Medium Dark Slate","N/A","N/A"
337,"2025 Ford F-150 Lightning Flash TRUCK Dual eMotor - 123 kWh Extended Range Battery","N/A","1FTVW3LU6SWG23207","75,370","N/A","N/A","N/A","Agate Black Metallic","Medium Dark Slate","N/A","N/A"
338,"2025 Ford Mustang Dark Horse Coupe V-8 cyl","S5501046","1FA6P8R03S5501046","72,665","N/A","N/A","72,665","Shadow Black","Black W/Blue Accents","IN STOCK","14/22"
339,"2025 Ford Mustang Dark Horse Coupe V-8 cyl","S5502845","1FA6P8R05S5502845","73,560","N/A","N/A","73,560","Blue","Blk/Blu Dinamic","IN STOCK","14/22"
340,"2025 Ford F-150 Lightning Lariat TRUCK Dual eMotor - 131 kWH Extended Range Battery","N/A","1FT6W5L72SWG22016","79,965","N/A","N/A","N/A","Oxford White","Black","N/A","78/"
341,"2025 Ford F-150 Lightning Platinum Truck SuperCrew Cab Dual eMotor - 131 kWH Extended Range Battery","SWG19204","1FT6W7L75SWG19204","88,960","-3,459","-2,000","83,501","White","Space Gray","IN STOCK","73/60"
342,"2025 Ford Bronco Raptor SUV V-6 cyl","SLA91671","1FMEE0RR8SLA91671","89,200","-2,152","N/A","87,048","Shelter Green","Onyx","IN STOCK","15/16"
343,"2025 Ford F-350 Lariat Truck Crew Cab V-8 cyl","250090","1FT8W3BT0SEC20254","92,040","-4,313","N/A","87,727","Avalanche","Black Onyx","IN STOCK","N/A"
344,"2025 Ford F-350 Lariat Truck Crew Cab V-8 cyl","SEC77797","1FT8W3DT8SEC77797","93,540","-4,329","N/A","89,211","Oxford White","Baja","IN STOCK","N/A"
345,"2025 Ford F-350 Lariat Truck Crew Cab V-8 cyl","SED96716","1FT8W3DT7SED96716","93,540","-4,314","N/A","89,226","Gray","Black Onyx","N/A","N/A"
346,"2025 Ford Bronco Raptor SUV EcoBoost V6 Engine","N/A","1FMEE0RR9SLB06033","89,800","N/A","N/A","N/A","Azure Gray Metallic Tri-Coat","Black Onyx","N/A","15/16"
347,"2025 Ford Bronco Raptor SUV EcoBoost V6 Engine","N/A","1FMEE0RR2SLA91777","92,780","N/A","N/A","N/A","Oxford White","Black Onyx","N/A","15/16"
348,"2025 Ford F-350 Lariat Truck Crew Cab V-8 cyl","SEE02024","1FT8W3BM5SEE02024","98,335","-4,871","N/A","93,464","Oxford White","Black Onyx","IN STOCK","N/A"
349,"2025 Ford Bronco Raptor SUV EcoBoost V6 Engine","N/A","1FMEE0RR5SLB19409","93,875","N/A","N/A","N/A","Azure Gray Metallic Tri-Coat","Black Onyx","N/A","15/16"
350,"2025 Ford F-650 Gas Base Truck Regular Cab V-8 cyl","240709UP","1FDNF6AN4SDF02714","110,098","-16,116","N/A","93,982","Oxford White","Gray","IN STOCK","N/A"
351,"2025 Ford F-350 King Ranch Truck Crew Cab V-8 cyl","SEC39694","1FT8W3BM1SEC39694","98,940","-4,455","N/A","94,485","Brown","Java","IN STOCK","N/A"
352,"2025 Ford F-350 Platinum Truck Crew Cab V-8 cyl","SEC67385","1FT8W3BM7SEC67385","100,060","-4,453","N/A","95,607","Agate Black","Black Onyx/Platinum Blue","IN STOCK","N/A"
353,"2025 Ford F-350 King Ranch Truck Crew Cab V-8 cyl","SED98053","1FT8W3BM1SED98053","101,170","-4,636","N/A","96,534","Oxford White","Java","IN STOCK","N/A"
354,"2025 Ford F-450 Platinum Truck Crew Cab V-8 cyl","SED73512","1FT8W4DMXSED73512","103,770","N/A","N/A","103,770","Agate Black","Black Onyx/Platinum Blue","IN STOCK","N/A"
